filename,width,height,class,xmin,ymin,xmax,ymax
PXL_20210930_152016197_jpg.rf.dd5f29d7ab03bdfc467668225579b66b.jpg,3264,2448,face,790,659,1568,1610
PXL_20210930_151750735_jpg.rf.2ae5761453d3a9f6077aa79fcd794e4f.jpg,4032,3024,face,1656,1138,2311,1814
Screen-Recording-2021-12-09-at-1_03_04-PM_mov-61_jpg.rf.c4b1ea6343f96d6e2891affc012d440e.jpg,3360,2100,face,1371,530,1834,1160
Mask-detector1_mov-4_jpg.rf.fb295dd886d6c22e25ef609c2f63e6af.jpg,720,1280,face,212,281,504,648
mask-wearing-1632931961887_png_jpg.rf.f100fcdce4ff0d798dc23089616fdd76.jpg,640,480,face,203,143,228,175
mask-wearing-1632931961887_png_jpg.rf.f100fcdce4ff0d798dc23089616fdd76.jpg,640,480,face,367,155,408,197
mask-wearing-1632931961887_png_jpg.rf.f100fcdce4ff0d798dc23089616fdd76.jpg,640,480,face,221,76,373,287
mask-wearing-1632931961887_png_jpg.rf.f100fcdce4ff0d798dc23089616fdd76.jpg,640,480,face,0,175,42,242
no-mask_mov-27_jpg.rf.f02cdb58e48d0e1c835ff13211db350f.jpg,1080,720,face,381,77,650,432
PHOTriZgIKIgsnNLdBJG75vj200203_1000x2000_jpg.rf.79f9eecefeeae351fa9cd7e54dc1b7ec.jpg,900,607,face,684,128,785,244
PHOTriZgIKIgsnNLdBJG75vj200203_1000x2000_jpg.rf.79f9eecefeeae351fa9cd7e54dc1b7ec.jpg,900,607,face,517,165,609,263
PHOTriZgIKIgsnNLdBJG75vj200203_1000x2000_jpg.rf.79f9eecefeeae351fa9cd7e54dc1b7ec.jpg,900,607,face,386,109,463,205
PHOTriZgIKIgsnNLdBJG75vj200203_1000x2000_jpg.rf.79f9eecefeeae351fa9cd7e54dc1b7ec.jpg,900,607,face,197,35,284,141
sdsdsff_jpg.rf.9c9f756010d225c275ebc81077f938dd.jpg,512,340,face,383,64,437,126
sdsdsff_jpg.rf.9c9f756010d225c275ebc81077f938dd.jpg,512,340,face,304,69,366,129
sdsdsff_jpg.rf.9c9f756010d225c275ebc81077f938dd.jpg,512,340,face,202,83,253,140
sdsdsff_jpg.rf.9c9f756010d225c275ebc81077f938dd.jpg,512,340,face,110,69,154,125
sdsdsff_jpg.rf.9c9f756010d225c275ebc81077f938dd.jpg,512,340,face,8,79,52,131
1580053154-5839_jpg.rf.3db64f7d964b80e5dc7c469b35aaeefa.jpg,1200,800,face,823,58,884,158
1580053154-5839_jpg.rf.3db64f7d964b80e5dc7c469b35aaeefa.jpg,1200,800,face,39,80,130,186
1580053154-5839_jpg.rf.3db64f7d964b80e5dc7c469b35aaeefa.jpg,1200,800,face,917,50,1057,224
1580053154-5839_jpg.rf.3db64f7d964b80e5dc7c469b35aaeefa.jpg,1200,800,face,474,57,630,261
1580053154-5839_jpg.rf.3db64f7d964b80e5dc7c469b35aaeefa.jpg,1200,800,face,638,62,769,294
1580053154-5839_jpg.rf.3db64f7d964b80e5dc7c469b35aaeefa.jpg,1200,800,face,74,73,255,317
1580053154-5839_jpg.rf.3db64f7d964b80e5dc7c469b35aaeefa.jpg,1200,800,face,217,108,400,387
1580053154-5839_jpg.rf.3db64f7d964b80e5dc7c469b35aaeefa.jpg,1200,800,face,575,272,745,527
1580053154-5839_jpg.rf.3db64f7d964b80e5dc7c469b35aaeefa.jpg,1200,800,face,476,28,538,118
1580053154-5839_jpg.rf.3db64f7d964b80e5dc7c469b35aaeefa.jpg,1200,800,face,708,3,824,158
mask-wearing-1632931944331_png_jpg.rf.1a09a7fa216a9b125a1387b7df1b93c5.jpg,640,480,face,382,158,421,198
mask-wearing-1632931944331_png_jpg.rf.1a09a7fa216a9b125a1387b7df1b93c5.jpg,640,480,face,0,176,46,234
mask-wearing-1632931944331_png_jpg.rf.1a09a7fa216a9b125a1387b7df1b93c5.jpg,640,480,face,159,47,397,384
IMG_5490_mp4-18_jpg.rf.f5fe584733e097893b5ec391968ae6e9.jpg,1080,1920,face,0,1623,451,1920
mo-justin-mask-NoMask_mov-3_jpg.rf.8d903a7af5d233e28de0c4e25bf3ee52.jpg,1288,1452,face,491,838,782,1256
mo-justin-mask-NoMask_mov-3_jpg.rf.8d903a7af5d233e28de0c4e25bf3ee52.jpg,1288,1452,face,437,32,759,504
gravitate-faces_mp4-24_jpg.rf.1391e71a590bcbcabd71bb1f44265bb0.jpg,640,480,face,392,188,455,281
gravitate-faces_mp4-24_jpg.rf.1391e71a590bcbcabd71bb1f44265bb0.jpg,640,480,face,71,223,220,435
mask-wearing-1632933572733_png_jpg.rf.68562bbff45c465cc1a3ccf98e75cab1.jpg,640,480,face,224,134,260,177
mask-wearing-1632933572733_png_jpg.rf.68562bbff45c465cc1a3ccf98e75cab1.jpg,640,480,face,392,208,426,243
Movie-on-2-18-25-at-8_25-PM_mov-0026_jpg.rf.5e37712f3ff20a4c8868d06a46a17769.jpg,1620,1080,face,1212,566,1482,877
IMG_5490_mp4-16_jpg.rf.a612a1e29292985444b7808bb66821c2.jpg,1080,1920,face,805,1480,1080,1920
IMG_4921-2_mp4-75_jpg.rf.98c10ee42036f7e2b3b676072dd9c0b2.jpg,1080,1920,face,308,760,762,1338
mask-wearing-1632937755878_png_jpg.rf.cb04864a5038051f61ce56c2dc22289e.jpg,640,480,face,273,80,384,247
Mask-detector1_mov-11_jpg.rf.632d7e57f9d5be8b877e8f8e683248d0.jpg,720,1280,face,184,300,515,734
1249493_jpg.rf.5f0b2e980bd0410ff73c71bc9e7d40cf.jpg,1012,645,face,392,61,466,147
1249493_jpg.rf.5f0b2e980bd0410ff73c71bc9e7d40cf.jpg,1012,645,face,724,74,781,160
1249493_jpg.rf.5f0b2e980bd0410ff73c71bc9e7d40cf.jpg,1012,645,face,608,99,644,146
1249493_jpg.rf.5f0b2e980bd0410ff73c71bc9e7d40cf.jpg,1012,645,face,663,67,733,183
1249493_jpg.rf.5f0b2e980bd0410ff73c71bc9e7d40cf.jpg,1012,645,face,65,0,166,131
gravitate-faces_mp4-38_jpg.rf.c4c0ad0c18aa4c6b56b4267cd51273ff.jpg,640,480,face,182,264,310,465
gravitate-faces_mp4-38_jpg.rf.c4c0ad0c18aa4c6b56b4267cd51273ff.jpg,640,480,face,483,235,576,359
Movie-on-2-18-25-at-8_25-PM_mov-0169_jpg.rf.832d723396361725819fb07f751c44fe.jpg,1620,1080,face,1359,164,1614,654
Movie-on-2-18-25-at-8_25-PM_mov-0169_jpg.rf.832d723396361725819fb07f751c44fe.jpg,1620,1080,face,591,716,797,977
r1p00017o80q34s9781_jpg.rf.ec68705d885902b7357ac3651d45381a.jpg,640,959,face,55,132,148,261
r1p00017o80q34s9781_jpg.rf.ec68705d885902b7357ac3651d45381a.jpg,640,959,face,328,43,547,345
gravitate-faces_mp4-69_jpg.rf.007a73686911a3e8c64933c4e2836295.jpg,640,480,face,248,30,274,61
gravitate-faces_mp4-69_jpg.rf.007a73686911a3e8c64933c4e2836295.jpg,640,480,face,0,210,24,424
Mask-detector1_mov-43_jpg.rf.17ddac104efc3558d29e42a48d88213a.jpg,720,1280,face,362,563,627,808
hand-signs-for-alex_mp4-46_jpg.rf.95fe3abfd1ae7d494566ff96a6a6fe46.jpg,1920,1080,face,901,370,1187,794
Mohamed-Image-from-iOS_MOV-8_jpg.rf.0fbcdd2d38357176475923cb056e1483.jpg,540,960,face,179,303,375,577
IMG_4921-2_mp4-62_jpg.rf.0941cfbffc5a7b10aac1c7ce9e9c84c4.jpg,1080,1920,face,271,648,661,1169
mask-wearing-1632932312273_png_jpg.rf.0e82025433c03abd1bd830ba86058c72.jpg,640,480,face,208,33,391,315
gravitate-faces_mp4-68_jpg.rf.379add866bca67e54dec3d23b3025475.jpg,640,480,face,335,3,367,34
gravitate-faces_mp4-68_jpg.rf.379add866bca67e54dec3d23b3025475.jpg,640,480,face,0,155,67,469
gravitate-faces_mp4-54_jpg.rf.72df9c6a45a0c8e3547cfe8972cbb86d.jpg,640,480,face,209,326,328,480
gravitate-faces_mp4-54_jpg.rf.72df9c6a45a0c8e3547cfe8972cbb86d.jpg,640,480,face,464,226,549,329
Photo-on-10-26-21-at-2-37-PM-2_jpg.rf.e1e49f6669e564d06ae40c8427b61d1e.jpg,1080,720,face,979,45,1080,378
Photo-on-10-26-21-at-2-37-PM-2_jpg.rf.e1e49f6669e564d06ae40c8427b61d1e.jpg,1080,720,face,356,203,560,458
mask-wearing-1632931952049_png_jpg.rf.bb75c5cb21afa883a808523b045494fa.jpg,640,480,face,363,153,403,199
mask-wearing-1632931952049_png_jpg.rf.bb75c5cb21afa883a808523b045494fa.jpg,640,480,face,0,176,41,235
mask-wearing-1632931952049_png_jpg.rf.bb75c5cb21afa883a808523b045494fa.jpg,640,480,face,76,79,334,368
mask-no-mask_mov-30_jpg.rf.44879d296bbacbb45f5715dccb9b23db.jpg,1080,720,face,385,226,683,552
mask-wearing-1632937540784_png_jpg.rf.fdfac9d004fd16e0162c91eec91aaf67.jpg,640,480,face,246,186,418,453
mask-wearing-1632932177714_png_jpg.rf.52ba2923323d307eda96a90d9c80fc87.jpg,640,480,face,221,20,376,245
gravitate-faces_mp4-51_jpg.rf.de9bca8fa7c6b70bf451461761af2556.jpg,640,480,face,531,311,615,417
gravitate-faces_mp4-51_jpg.rf.de9bca8fa7c6b70bf451461761af2556.jpg,640,480,face,245,374,354,480
Movie-on-2-18-25-at-8_25-PM_mov-0047_jpg.rf.6f33a63d36d176926bd9c22397162cfc.jpg,1620,1080,face,1099,574,1366,880
Movie-on-2-18-25-at-8_25-PM_mov-0047_jpg.rf.6f33a63d36d176926bd9c22397162cfc.jpg,1620,1080,face,705,651,796,767
IMG_4920_mov-4_jpg.rf.7ae6ffe1e383adc96a25c73ab6487491.jpg,720,1280,face,236,497,622,932
Mask-detector1_mov-38_jpg.rf.c1549fa5def835bb4a83e657b1c4f15a.jpg,720,1280,face,329,475,641,892
WIN_20211210_08_02_56_Pro_mp4-38_jpg.rf.00367711309da7348bba31ceab69f139.jpg,1920,1080,face,834,544,1080,771
mask-no-mask_mov-18_jpg.rf.e0ca4292553ea84182299ed21d88d14f.jpg,1080,720,face,382,114,701,378
mask-wearing-1632938122499_png_jpg.rf.a984eab100d2d6d88f1424ae2bdebc44.jpg,640,480,face,199,56,324,225
gravitate-faces_mp4-61_jpg.rf.e1b5581abc466f1a7d0ef42643e55b03.jpg,640,480,face,348,9,435,122
gravitate-faces_mp4-61_jpg.rf.e1b5581abc466f1a7d0ef42643e55b03.jpg,640,480,face,141,188,287,390
101d6660a8974050b613dd2e6bd59390_jpg.rf.00d97f4de38cbbf7f69a385718eba3a0.jpg,940,663,face,757,176,864,317
101d6660a8974050b613dd2e6bd59390_jpg.rf.00d97f4de38cbbf7f69a385718eba3a0.jpg,940,663,face,470,97,573,241
101d6660a8974050b613dd2e6bd59390_jpg.rf.00d97f4de38cbbf7f69a385718eba3a0.jpg,940,663,face,391,211,499,348
101d6660a8974050b613dd2e6bd59390_jpg.rf.00d97f4de38cbbf7f69a385718eba3a0.jpg,940,663,face,132,182,257,322
IMG_4921-2_mp4-99_jpg.rf.81b9ae26d2cee069985d55ca5aeb1c58.jpg,1080,1920,face,141,723,581,1267
ashton-video_mov-81_jpg.rf.9791827a231d619b59ee4b46d1ec1b9f.jpg,1280,720,face,567,94,757,356
mask-wearing-1632932085584_png_jpg.rf.11ad8ac73becc332be6db652b3fd02b2.jpg,640,480,face,101,124,125,157
mask-wearing-1632932085584_png_jpg.rf.11ad8ac73becc332be6db652b3fd02b2.jpg,640,480,face,204,144,226,175
mask-wearing-1632932085584_png_jpg.rf.11ad8ac73becc332be6db652b3fd02b2.jpg,640,480,face,258,107,390,316
IMG_4921-2_mp4-12_jpg.rf.761b23c35007db80508aad9084836aa6.jpg,1080,1920,face,181,533,643,1149
mo-justin-mask-NoMask_mov-15_jpg.rf.773cfbbd0bf26e38b262b22480627a3b.jpg,1288,1452,face,497,804,816,1279
mo-justin-mask-NoMask_mov-15_jpg.rf.773cfbbd0bf26e38b262b22480627a3b.jpg,1288,1452,face,463,64,753,504
0071_png.rf.771ff75e036fde54ba42054ca130ce47.jpg,1280,720,face,396,365,435,413
0071_png.rf.771ff75e036fde54ba42054ca130ce47.jpg,1280,720,face,1065,363,1092,398
0071_png.rf.771ff75e036fde54ba42054ca130ce47.jpg,1280,720,face,1105,352,1136,413
0071_png.rf.771ff75e036fde54ba42054ca130ce47.jpg,1280,720,face,213,388,248,437
0071_png.rf.771ff75e036fde54ba42054ca130ce47.jpg,1280,720,face,249,483,408,688
0071_png.rf.771ff75e036fde54ba42054ca130ce47.jpg,1280,720,face,730,354,835,581
0071_png.rf.771ff75e036fde54ba42054ca130ce47.jpg,1280,720,face,995,333,1043,396
Movie-on-2-18-25-at-8_25-PM_mov-0162_jpg.rf.052b2468b440cb8941663466a232dc75.jpg,1620,1080,face,999,215,1455,771
gravitate-faces_mp4-52_jpg.rf.c052c3ac2a4249abde749eaa632bf38a.jpg,640,480,face,505,306,592,413
gravitate-faces_mp4-52_jpg.rf.c052c3ac2a4249abde749eaa632bf38a.jpg,640,480,face,229,372,345,480
Mask-detector1_mov-29_jpg.rf.f209430e40b0691a51d7a029579b8e3a.jpg,720,1280,face,134,570,496,1036
IMG_4921-2_mp4-128_jpg.rf.bf63e8e63b00ef05e168b748f1e8bcaf.jpg,1080,1920,face,208,728,817,1527
gravitate-faces_mp4-79_jpg.rf.82b0df7c8fcd10f5680fd70b166cbf77.jpg,640,480,face,226,179,252,220
Movie-on-2-18-25-at-8_25-PM_mov-0007_jpg.rf.ce1cdbb84d2ca30f6e0e430fec8ab36c.jpg,1620,1080,face,17,275,512,867
face-detection_mp4-9_jpg.rf.0a65ed47cd962d3963416dd875f809bc.jpg,1280,720,face,73,86,414,482
Mask2_mov-32_jpg.rf.baf1289eeffd11a2371ba7e9a865ab1c.jpg,720,1280,face,232,521,619,1080
upload-productImg-1527496119162_320_234_jpeg_jpg.rf.b49812c5c93c50c64b8361c043417cd3.jpg,600,600,face,49,35,459,499
Movie-on-2-18-25-at-8_25-PM_mov-0087_jpg.rf.1bd86a55fe6e7f7237763743882fc446.jpg,1620,1080,face,318,370,702,845
Movie-on-2-18-25-at-8_25-PM_mov-0077_jpg.rf.e9d35f8f660be7b929508b24e3529593.jpg,1620,1080,face,382,402,741,860
Movie-on-2-18-25-at-8_25-PM_mov-0077_jpg.rf.e9d35f8f660be7b929508b24e3529593.jpg,1620,1080,face,975,627,1163,897
IMG_4921-2_mp4-106_jpg.rf.ae84473b39432132207a74ca902e5595.jpg,1080,1920,face,581,528,1079,1399
Movie-on-2-18-25-at-8_25-PM_mov-0137_jpg.rf.ace597eb1bbcd9627164b5bc44e8a10e.jpg,1620,1080,face,359,397,587,678
130624011830-malaysia-smog-students-horizontal-large-gallery_jpg.rf.7ac738271ebd00821bd3fdc3d8fd41de.jpg,980,552,face,621,79,673,150
130624011830-malaysia-smog-students-horizontal-large-gallery_jpg.rf.7ac738271ebd00821bd3fdc3d8fd41de.jpg,980,552,face,675,83,720,152
130624011830-malaysia-smog-students-horizontal-large-gallery_jpg.rf.7ac738271ebd00821bd3fdc3d8fd41de.jpg,980,552,face,484,100,513,142
130624011830-malaysia-smog-students-horizontal-large-gallery_jpg.rf.7ac738271ebd00821bd3fdc3d8fd41de.jpg,980,552,face,6,108,37,159
130624011830-malaysia-smog-students-horizontal-large-gallery_jpg.rf.7ac738271ebd00821bd3fdc3d8fd41de.jpg,980,552,face,564,120,591,163
130624011830-malaysia-smog-students-horizontal-large-gallery_jpg.rf.7ac738271ebd00821bd3fdc3d8fd41de.jpg,980,552,face,780,108,836,176
130624011830-malaysia-smog-students-horizontal-large-gallery_jpg.rf.7ac738271ebd00821bd3fdc3d8fd41de.jpg,980,552,face,895,123,929,169
130624011830-malaysia-smog-students-horizontal-large-gallery_jpg.rf.7ac738271ebd00821bd3fdc3d8fd41de.jpg,980,552,face,856,126,891,171
130624011830-malaysia-smog-students-horizontal-large-gallery_jpg.rf.7ac738271ebd00821bd3fdc3d8fd41de.jpg,980,552,face,744,145,770,181
130624011830-malaysia-smog-students-horizontal-large-gallery_jpg.rf.7ac738271ebd00821bd3fdc3d8fd41de.jpg,980,552,face,349,154,386,199
130624011830-malaysia-smog-students-horizontal-large-gallery_jpg.rf.7ac738271ebd00821bd3fdc3d8fd41de.jpg,980,552,face,242,153,278,202
130624011830-malaysia-smog-students-horizontal-large-gallery_jpg.rf.7ac738271ebd00821bd3fdc3d8fd41de.jpg,980,552,face,89,5,172,101
130624011830-malaysia-smog-students-horizontal-large-gallery_jpg.rf.7ac738271ebd00821bd3fdc3d8fd41de.jpg,980,552,face,373,15,450,114
130624011830-malaysia-smog-students-horizontal-large-gallery_jpg.rf.7ac738271ebd00821bd3fdc3d8fd41de.jpg,980,552,face,485,37,553,121
mask-wearing-1632939965059_png_jpg.rf.74e7ff6461bee0378715be0d4e8308ea.jpg,640,480,face,302,92,524,338
Mask2_mov-18_jpg.rf.54664e9df4d6afac4b51980608b8a812.jpg,720,1280,face,247,418,572,881
Mask2_mov-7_jpg.rf.e40f12a8c096c3cb048f823a305f1169.jpg,720,1280,face,59,603,340,1018
Mask-detector1_mov-6_jpg.rf.a27ae5dc36eb0772fc9dcdcd27274b50.jpg,720,1280,face,190,334,470,597
Movie-on-2-18-25-at-8_25-PM_mov-0097_jpg.rf.d752557396f53ad5821491f99edd6e6f.jpg,1620,1080,face,209,0,953,714
Mask2_mov-13_jpg.rf.ca782b43bd33f4f9341f0fadffb1b4f8.jpg,720,1280,face,211,590,536,1005
Movie-on-2-18-25-at-8_25-PM_mov-0111_jpg.rf.8ed1408a223c3079adfee089b75a9525.jpg,1620,1080,face,7,404,276,892
Mask-detector1_mov-35_jpg.rf.34528abd2755829997d704cb48a4b07d.jpg,720,1280,face,279,487,598,887
Movie-on-2-18-25-at-8_25-PM_mov-0088_jpg.rf.163474570752b560a19243cb39684b38.jpg,1620,1080,face,235,362,643,839
no-mask_mov-10_jpg.rf.37e4d464095572764fbe7a7c98dd3134.jpg,1080,720,face,369,96,650,452
mask-no-mask_mov-2_jpg.rf.5cc7d055456c9fa058cb103cdd06194c.jpg,1080,720,face,360,131,707,579
mask-wearing-1632932341475_png_jpg.rf.6ab1c57d53a3b804e0ccadfc6e68b4d0.jpg,640,480,face,335,9,612,383
IMG_4921-2_mp4-85_jpg.rf.28a8d347eee29e76712591eb50be0aee.jpg,1080,1920,face,368,610,772,1125
IMG_4921-2_mp4-82_jpg.rf.8770a985208bcf70afff223fd8b6136f.jpg,1080,1920,face,576,675,984,1214
gravitate-faces_mp4-45_jpg.rf.130b981c28c3ebf84cb7c8080c17728e.jpg,640,480,face,320,389,436,480
IMG_5491_mp4-7_jpg.rf.595710b19538e2f667d6a4ec8ec9ae59.jpg,1080,1920,face,0,0,324,207
Mask-detector1_mov-18_jpg.rf.6b4670fd75d1cf91ecdd39bfdbbca93c.jpg,720,1280,face,75,511,400,932
hand-signs-for-alex_mp4-13_jpg.rf.3b53546813ecae8c21dcbca02dcd1cf5.jpg,1920,1080,face,776,398,1165,849
w1240-p16x9-6f1db5e0460631cfa98d2d6d8032942f81700bb0_jpg.rf.7b8d90fbddcc61d7656b5142c8fba973.jpg,1240,698,face,1027,7,1236,311
w1240-p16x9-6f1db5e0460631cfa98d2d6d8032942f81700bb0_jpg.rf.7b8d90fbddcc61d7656b5142c8fba973.jpg,1240,698,face,785,66,1042,392
w1240-p16x9-6f1db5e0460631cfa98d2d6d8032942f81700bb0_jpg.rf.7b8d90fbddcc61d7656b5142c8fba973.jpg,1240,698,face,191,214,280,304
w1240-p16x9-6f1db5e0460631cfa98d2d6d8032942f81700bb0_jpg.rf.7b8d90fbddcc61d7656b5142c8fba973.jpg,1240,698,face,426,204,702,500
w1240-p16x9-6f1db5e0460631cfa98d2d6d8032942f81700bb0_jpg.rf.7b8d90fbddcc61d7656b5142c8fba973.jpg,1240,698,face,114,339,342,585
mask-wearing-1632932318495_png_jpg.rf.e12a184dd31cb6d0e36bcbb5d5b1f6dc.jpg,640,480,face,356,25,584,358
Mask2_mov-64_jpg.rf.b095a197bd54850236ffc54796c6b93d.jpg,720,1280,face,246,570,625,1060
gravitate-faces_mp4-15_jpg.rf.14313d526e1755748cf554315005ee20.jpg,640,480,face,343,250,410,341
gravitate-faces_mp4-15_jpg.rf.14313d526e1755748cf554315005ee20.jpg,640,480,face,0,115,134,362
000_1ov3n5_0_jpeg_jpg.rf.a4a118de0bed44a74b8b7b61b30a5cae.jpg,1240,698,face,482,99,603,264
000_1ov3n5_0_jpeg_jpg.rf.a4a118de0bed44a74b8b7b61b30a5cae.jpg,1240,698,face,278,370,376,440
mask-no-mask_mov-28_jpg.rf.f1e35b3076b9fcdf8c094d2ac1314ba8.jpg,1080,720,face,348,210,702,589
Movie-on-2-18-25-at-8_25-PM_mov-0037_jpg.rf.a89321b88eb9e965e5091be3531661cc.jpg,1620,1080,face,1007,279,1473,872
gravitate-faces_mp4-26_jpg.rf.416a4487e9a6becbdcba1a94e30b4bf3.jpg,640,480,face,413,271,486,372
gravitate-faces_mp4-26_jpg.rf.416a4487e9a6becbdcba1a94e30b4bf3.jpg,640,480,face,128,291,252,474
w1240-p16x9-fa978043deff83fed485af12d16e39c61398fc30_jpg.rf.e31c8129478db3018763f8ffdc6b5eab.jpg,1240,698,face,386,220,854,674
IMG_4920_mov-19_jpg.rf.0eec3839602c6c4e1a75da9d6d0ead8f.jpg,720,1280,face,281,497,571,888
face-detection_mp4-3_jpg.rf.77e710eb0e500ba5870fda57c640c38d.jpg,1280,720,face,477,129,776,578
mask_mov-2_jpg.rf.43f23bd52677094540514300c7611115.jpg,1080,720,face,378,120,607,363
mo-justin-mask-NoMask_mov-29_jpg.rf.c24a4953fe37a9cba212bdba5f0eb44c.jpg,1288,1452,face,439,852,741,1245
mo-justin-mask-NoMask_mov-29_jpg.rf.c24a4953fe37a9cba212bdba5f0eb44c.jpg,1288,1452,face,449,82,764,505
pjecDNMmCUQmbDoJx1fdqolnfHtpsfFK8jTA2Ng0wNg_jpeg_jpg.rf.3344ed993e8675c0e1a062c21e98d0a6.jpg,1920,1280,face,722,193,840,343
pjecDNMmCUQmbDoJx1fdqolnfHtpsfFK8jTA2Ng0wNg_jpeg_jpg.rf.3344ed993e8675c0e1a062c21e98d0a6.jpg,1920,1280,face,757,204,970,484
pjecDNMmCUQmbDoJx1fdqolnfHtpsfFK8jTA2Ng0wNg_jpeg_jpg.rf.3344ed993e8675c0e1a062c21e98d0a6.jpg,1920,1280,face,202,253,373,453
pjecDNMmCUQmbDoJx1fdqolnfHtpsfFK8jTA2Ng0wNg_jpeg_jpg.rf.3344ed993e8675c0e1a062c21e98d0a6.jpg,1920,1280,face,1545,206,1784,520
pjecDNMmCUQmbDoJx1fdqolnfHtpsfFK8jTA2Ng0wNg_jpeg_jpg.rf.3344ed993e8675c0e1a062c21e98d0a6.jpg,1920,1280,face,515,337,683,525
pjecDNMmCUQmbDoJx1fdqolnfHtpsfFK8jTA2Ng0wNg_jpeg_jpg.rf.3344ed993e8675c0e1a062c21e98d0a6.jpg,1920,1280,face,1419,295,1640,633
pjecDNMmCUQmbDoJx1fdqolnfHtpsfFK8jTA2Ng0wNg_jpeg_jpg.rf.3344ed993e8675c0e1a062c21e98d0a6.jpg,1920,1280,face,1302,420,1391,533
pjecDNMmCUQmbDoJx1fdqolnfHtpsfFK8jTA2Ng0wNg_jpeg_jpg.rf.3344ed993e8675c0e1a062c21e98d0a6.jpg,1920,1280,face,1130,410,1292,601
gravitate-faces_mp4-5_jpg.rf.618561809faeec573c3e0bd1f2ac6290.jpg,640,480,face,296,127,455,362
IMG_4921-2_mp4-102_jpg.rf.3aafca3e329a8c1d591e199928950a52.jpg,1080,1920,face,457,610,814,1221
mask-wearing-1632937840912_png_jpg.rf.92852f6fd1a284d22d221c20db5c0d7b.jpg,640,480,face,217,52,417,311
download-5-_jpeg_jpg.rf.32f8911dd5596c675290f497cfa44a2c.jpg,474,266,face,378,58,441,151
download-5-_jpeg_jpg.rf.32f8911dd5596c675290f497cfa44a2c.jpg,474,266,face,172,109,211,165
download-5-_jpeg_jpg.rf.32f8911dd5596c675290f497cfa44a2c.jpg,474,266,face,48,38,118,138
download-5-_jpeg_jpg.rf.32f8911dd5596c675290f497cfa44a2c.jpg,474,266,face,343,60,383,119
download-5-_jpeg_jpg.rf.32f8911dd5596c675290f497cfa44a2c.jpg,474,266,face,288,59,336,125
download-5-_jpeg_jpg.rf.32f8911dd5596c675290f497cfa44a2c.jpg,474,266,face,224,71,260,122
Image-from-iOS-1-_MOV-40_jpg.rf.a8710686f821258e664d06b8750bdc4d.jpg,960,540,face,347,57,504,280
mo-justin-mask-NoMask_mov-4_jpg.rf.39fd43bf12e53964300dbd8094092753.jpg,1288,1452,face,455,811,768,1286
mo-justin-mask-NoMask_mov-4_jpg.rf.39fd43bf12e53964300dbd8094092753.jpg,1288,1452,face,461,35,776,496
PXL_20210930_152040488_jpg.rf.cc134c275f6a857d080d57390238e2e8.jpg,3264,2448,face,1143,711,1783,1562
mask-no-mask_mov-45_jpg.rf.822059384d184942eb647d08641ddfbf.jpg,1080,720,face,298,122,620,561
mask-no-mask_mov-12_jpg.rf.04539133fbdbd3e018fbb95bf77a54de.jpg,1080,720,face,276,208,658,710
mask-wearing-1632938135933_png_jpg.rf.5f84499b00c4c948c10722fea1fef08d.jpg,640,480,face,177,51,289,178
Mask-detector1_mov-60_jpg.rf.55175588fbe43138bf9ac36a42b4a283.jpg,720,1280,face,269,583,568,999
Movie-on-2-18-25-at-8_25-PM_mov-0036_jpg.rf.909f462f99dae01a7fff68475853fe61.jpg,1620,1080,face,1053,243,1538,840
Mask2_mov-43_jpg.rf.15ada033035ec959db00e11cfc174acf.jpg,720,1280,face,305,523,659,997
gravitate-faces_mp4-31_jpg.rf.b3d475913ffed48cadda0818a9700a09.jpg,640,480,face,46,163,185,377
gravitate-faces_mp4-31_jpg.rf.b3d475913ffed48cadda0818a9700a09.jpg,640,480,face,350,147,434,264
mask-no-mask_mov-61_jpg.rf.b77721143d7fe8b3ca0d8a0a7b0941b4.jpg,1080,720,face,339,217,702,598
Mohamed-Image-from-iOS_MOV-9_jpg.rf.e4ced69c518d6f658c5ee08bb9a81f21.jpg,540,960,face,191,316,385,576
Movie-on-2-18-25-at-8_25-PM_mov-0171_jpg.rf.23747abb482bdf2636fc1740127c92d2.jpg,1620,1080,face,786,468,982,731
hand-signs-for-alex_mp4-44_jpg.rf.c64c9127ecf4fabf915c69c941e1cdd2.jpg,1920,1080,face,869,313,1165,741
mask-wearing-1632932195300_png_jpg.rf.11b656885c7c205903905cbcb23efc24.jpg,640,480,face,296,126,350,201
mask-wearing-1632932195300_png_jpg.rf.11b656885c7c205903905cbcb23efc24.jpg,640,480,face,0,145,47,407
mo-justin-mask-NoMask_mov-18_jpg.rf.b776db9794ee315244b6be24c15cd5c9.jpg,1288,1452,face,451,850,736,1280
mo-justin-mask-NoMask_mov-18_jpg.rf.b776db9794ee315244b6be24c15cd5c9.jpg,1288,1452,face,481,48,762,506
003_1024_jpeg_jpg.rf.5c23ad1df61e105bee8e49d76b0a6bc5.jpg,1024,576,face,878,120,1020,350
003_1024_jpeg_jpg.rf.5c23ad1df61e105bee8e49d76b0a6bc5.jpg,1024,576,face,705,95,897,360
003_1024_jpeg_jpg.rf.5c23ad1df61e105bee8e49d76b0a6bc5.jpg,1024,576,face,4,14,186,334
mask-wearing-1632933614506_png_jpg.rf.0012633833b49684bb359d9a3212a0a6.jpg,640,480,face,162,140,188,183
mask-wearing-1632933614506_png_jpg.rf.0012633833b49684bb359d9a3212a0a6.jpg,640,480,face,379,206,414,241
mask-wearing-1632939827557_png_jpg.rf.3a1d58bbc9bb3cf49de771dfd698ffb8.jpg,640,480,face,206,16,409,300
Image-from-iOS_MOV-11_jpg.rf.546ef01d2decc1b130275135c481d364.jpg,540,960,face,85,377,287,644
IMG_4921-2_mp4-60_jpg.rf.a460bcf953490880481dc5fca0631b2c.jpg,1080,1920,face,286,638,683,1121
Mask2_mov-15_jpg.rf.92a7fc448236f609ce07dd0c8b396765.jpg,720,1280,face,272,445,596,854
Mask-detector1_mov-54_jpg.rf.64de08da00eb12639fe14c2ce6d135d6.jpg,720,1280,face,580,480,719,920
Mask-detector1_mov-55_jpg.rf.18cccd3843be8e3246d9f74347fee38b.jpg,720,1280,face,527,532,719,873
IMG_4921-2_mp4-118_jpg.rf.577af29f8e2a0ef4bbef5bf07ee43f1f.jpg,1080,1920,face,343,613,971,1416
Mask2_mov-22_jpg.rf.e85c8f3d7e71033015ce9776b1b68874.jpg,720,1280,face,167,475,489,863
Movie-on-2-18-25-at-8_25-PM_mov-0045_jpg.rf.07c9f68cc8d52697da799789a0bcbabe.jpg,1620,1080,face,1132,570,1393,881
Movie-on-2-18-25-at-8_25-PM_mov-0045_jpg.rf.07c9f68cc8d52697da799789a0bcbabe.jpg,1620,1080,face,714,636,799,756
UDD3JG3E4JFQ5KSFNGQQ5REINU_jpg.rf.5e7ed88730b1567209c1b6f68e3cee68.jpg,1200,782,face,602,96,650,149
UDD3JG3E4JFQ5KSFNGQQ5REINU_jpg.rf.5e7ed88730b1567209c1b6f68e3cee68.jpg,1200,782,face,943,88,1010,173
UDD3JG3E4JFQ5KSFNGQQ5REINU_jpg.rf.5e7ed88730b1567209c1b6f68e3cee68.jpg,1200,782,face,779,114,841,200
UDD3JG3E4JFQ5KSFNGQQ5REINU_jpg.rf.5e7ed88730b1567209c1b6f68e3cee68.jpg,1200,782,face,564,128,632,202
UDD3JG3E4JFQ5KSFNGQQ5REINU_jpg.rf.5e7ed88730b1567209c1b6f68e3cee68.jpg,1200,782,face,458,121,534,213
UDD3JG3E4JFQ5KSFNGQQ5REINU_jpg.rf.5e7ed88730b1567209c1b6f68e3cee68.jpg,1200,782,face,525,139,571,210
UDD3JG3E4JFQ5KSFNGQQ5REINU_jpg.rf.5e7ed88730b1567209c1b6f68e3cee68.jpg,1200,782,face,284,140,362,223
UDD3JG3E4JFQ5KSFNGQQ5REINU_jpg.rf.5e7ed88730b1567209c1b6f68e3cee68.jpg,1200,782,face,193,147,261,219
UDD3JG3E4JFQ5KSFNGQQ5REINU_jpg.rf.5e7ed88730b1567209c1b6f68e3cee68.jpg,1200,782,face,970,148,1029,219
UDD3JG3E4JFQ5KSFNGQQ5REINU_jpg.rf.5e7ed88730b1567209c1b6f68e3cee68.jpg,1200,782,face,591,148,660,247
UDD3JG3E4JFQ5KSFNGQQ5REINU_jpg.rf.5e7ed88730b1567209c1b6f68e3cee68.jpg,1200,782,face,12,162,91,252
UDD3JG3E4JFQ5KSFNGQQ5REINU_jpg.rf.5e7ed88730b1567209c1b6f68e3cee68.jpg,1200,782,face,915,175,1010,309
UDD3JG3E4JFQ5KSFNGQQ5REINU_jpg.rf.5e7ed88730b1567209c1b6f68e3cee68.jpg,1200,782,face,653,193,753,312
UDD3JG3E4JFQ5KSFNGQQ5REINU_jpg.rf.5e7ed88730b1567209c1b6f68e3cee68.jpg,1200,782,face,789,199,909,345
UDD3JG3E4JFQ5KSFNGQQ5REINU_jpg.rf.5e7ed88730b1567209c1b6f68e3cee68.jpg,1200,782,face,1052,225,1196,410
UDD3JG3E4JFQ5KSFNGQQ5REINU_jpg.rf.5e7ed88730b1567209c1b6f68e3cee68.jpg,1200,782,face,1011,264,1082,381
UDD3JG3E4JFQ5KSFNGQQ5REINU_jpg.rf.5e7ed88730b1567209c1b6f68e3cee68.jpg,1200,782,face,92,77,116,104
IMG_4921-2_mp4-6_jpg.rf.31beb0dea5d7e998ec794951e7783a9c.jpg,1080,1920,face,286,510,802,1129
mask-no-mask_mov-67_jpg.rf.9eee753eac7dd2224f51b9bef5716356.jpg,1080,720,face,242,136,527,495
mask-no-mask_mov-1_jpg.rf.56456af2f3f4cf9a8a1ad3dcda4032d2.jpg,1080,720,face,357,56,712,556
gravitate-faces_mp4-119_jpg.rf.52058ba4f2b0bc9b3e99a57d113f2455.jpg,640,480,face,26,142,101,240
gravitate-faces_mp4-141_jpg.rf.1c5f1ab88838dc1dec80b18de79ad46f.jpg,640,480,face,608,391,640,480
face-detection_mp4-17_jpg.rf.03920daab714c776b508360bc68d0135.jpg,1280,720,face,716,461,898,669
Mask2_mov-11_jpg.rf.e1b1ebf14386f89006ee4fddf635901d.jpg,720,1280,face,269,558,596,1007
Movie-on-2-18-25-at-8_25-PM_mov-0127_jpg.rf.6e812b0adae2daee33acd23746ac0825.jpg,1620,1080,face,205,537,436,815
PXL_20210930_151747986_jpg.rf.28b71e5197ded0f9f5078be5fdbccf97.jpg,4032,3024,face,1646,828,2350,1455
IMG_5491_mp4-27_jpg.rf.dccdffecb70cbeaddc14eab3f45b5216.jpg,1080,1920,face,498,1583,1005,1920
Mat-Hand-Signs_mov-96_jpg.rf.b5e5ba325b38563b36fdc55ce7aefd87.jpg,1280,720,face,552,182,708,422
IMG_4921-2_mp4-58_jpg.rf.219dc4af1e3f90628d365708166f2ea9.jpg,1080,1920,face,296,643,702,1117
IMG_4921-2_mp4-87_jpg.rf.2a01612189840665d81e23b55d1f378f.jpg,1080,1920,face,283,603,703,1192
IMG_4921-2_mp4-53_jpg.rf.b1d858ff5536523c31de09dabb3b7c81.jpg,1080,1920,face,391,645,818,1234
PXL_20210930_151906857_jpg.rf.7a4a0bcf9d5f30d5406835b8ca39dbf5.jpg,4032,3024,face,1720,805,2566,1712
WIN_20211210_08_02_56_Pro_mp4-54_jpg.rf.ba4f9b5f50e0f83c20ba8b1b3ca4e380.jpg,1920,1080,face,871,342,1081,624
ashton-video_mov-108_jpg.rf.198f34e5e08295cc2be30239649ca8c9.jpg,1280,720,face,540,69,729,342
mask-wearing-1632938107438_png_jpg.rf.9ee11840d4f65bf31b053069afe818ae.jpg,640,480,face,234,91,338,229
mask-no-mask_mov-16_jpg.rf.451fdd8e71a240643275812abe0a4864.jpg,1080,720,face,293,125,595,362
mask-wearing-1632937722261_png_jpg.rf.000f4a0b942757224ade704f19f38ea8.jpg,640,480,face,119,67,339,303
IMG_5491_mp4-28_jpg.rf.3cd325d499482aadad26fa94107fe2dc.jpg,1080,1920,face,808,1567,1080,1920
Screen-Recording-2021-12-09-at-1_03_04-PM_mov-141_jpg.rf.c8e1c03655100237be3be153241352d5.jpg,3360,2100,face,1425,510,1860,1164
IMG_4921-2_mp4-126_jpg.rf.33cfae6595dcc884fa02d6fb17665c6a.jpg,1080,1920,face,151,445,714,1070
gravitate-faces_mp4-111_jpg.rf.b1ebbc31e0c0149340a31beb857b1f66.jpg,640,480,face,0,112,17,179
TASS38012699_jpg.rf.c0426ef89e1acea4332c92032e544870.jpg,1360,765,face,559,85,687,239
TASS38012699_jpg.rf.c0426ef89e1acea4332c92032e544870.jpg,1360,765,face,741,269,781,341
TASS38012699_jpg.rf.c0426ef89e1acea4332c92032e544870.jpg,1360,765,face,106,273,194,392
TASS38012699_jpg.rf.c0426ef89e1acea4332c92032e544870.jpg,1360,765,face,254,346,294,391
TASS38012699_jpg.rf.c0426ef89e1acea4332c92032e544870.jpg,1360,765,face,805,358,835,397
TASS38012699_jpg.rf.c0426ef89e1acea4332c92032e544870.jpg,1360,765,face,332,372,380,404
TASS38012699_jpg.rf.c0426ef89e1acea4332c92032e544870.jpg,1360,765,face,836,356,896,421
TASS38012699_jpg.rf.c0426ef89e1acea4332c92032e544870.jpg,1360,765,face,765,384,804,423
TASS38012699_jpg.rf.c0426ef89e1acea4332c92032e544870.jpg,1360,765,face,1289,373,1357,503
TASS38012699_jpg.rf.c0426ef89e1acea4332c92032e544870.jpg,1360,765,face,1130,419,1172,463
TASS38012699_jpg.rf.c0426ef89e1acea4332c92032e544870.jpg,1360,765,face,1049,418,1144,521
TASS38012699_jpg.rf.c0426ef89e1acea4332c92032e544870.jpg,1360,765,face,767,488,919,636
TASS38012699_jpg.rf.c0426ef89e1acea4332c92032e544870.jpg,1360,765,face,878,526,1019,676
TASS38012699_jpg.rf.c0426ef89e1acea4332c92032e544870.jpg,1360,765,face,996,658,1130,740
Movie-on-2-18-25-at-8_25-PM_mov-0039_jpg.rf.e8653e441b2a8159280dc3b456858857.jpg,1620,1080,face,983,467,1283,879
mask-no-mask_mov-25_jpg.rf.ad4d376ac297b7dce0c18390c7dc3ccc.jpg,1080,720,face,342,64,700,558
mo-justin-mask-NoMask_mov-13_jpg.rf.450eb474cf2dc2090204330db950c7c4.jpg,1288,1452,face,491,792,816,1268
mo-justin-mask-NoMask_mov-13_jpg.rf.450eb474cf2dc2090204330db950c7c4.jpg,1288,1452,face,441,32,741,485
Movie-on-2-18-25-at-8_25-PM_mov-0083_jpg.rf.42d7c2c5d94d73593dc741ea512eda49.jpg,1620,1080,face,724,547,951,828
Movie-on-2-18-25-at-8_25-PM_mov-0083_jpg.rf.42d7c2c5d94d73593dc741ea512eda49.jpg,1620,1080,face,246,216,641,777
gravitate-faces_mp4-142_jpg.rf.94b678f2315fa63174f6ae2cc627b79e.jpg,640,480,face,573,361,640,480
Mat-Hand-Signs_mov-120_jpg.rf.a4598edc7166480de17320ca76bec4bf.jpg,1280,720,face,600,219,784,471
mask-wearing-1632937976589_png_jpg.rf.da324b61562d2e79246177d01a388975.jpg,640,480,face,244,52,434,299
Movie-on-2-18-25-at-8_25-PM_mov-0082_jpg.rf.954317a56fad59b27b02cf707c2f65ae.jpg,1620,1080,face,961,418,1214,765
Movie-on-2-18-25-at-8_25-PM_mov-0082_jpg.rf.954317a56fad59b27b02cf707c2f65ae.jpg,1620,1080,face,285,366,681,854
PXL_20210930_152017546_jpg.rf.5def98ef55f547380d335f46613b93e2.jpg,3264,2448,face,995,607,1668,1274
0078_png.rf.f4af4fcc556545195ae9139569fb011b.jpg,1280,720,face,217,383,266,441
0078_png.rf.f4af4fcc556545195ae9139569fb011b.jpg,1280,720,face,373,364,419,424
0078_png.rf.f4af4fcc556545195ae9139569fb011b.jpg,1280,720,face,262,486,427,690
0078_png.rf.f4af4fcc556545195ae9139569fb011b.jpg,1280,720,face,1010,340,1056,396
0078_png.rf.f4af4fcc556545195ae9139569fb011b.jpg,1280,720,face,1078,355,1097,388
0078_png.rf.f4af4fcc556545195ae9139569fb011b.jpg,1280,720,face,1105,353,1137,415
mask-wearing-1632931941238_png_jpg.rf.818570619d50dd57e14987875605edd4.jpg,640,480,face,0,175,41,239
mask-wearing-1632931941238_png_jpg.rf.818570619d50dd57e14987875605edd4.jpg,640,480,face,188,49,422,372
ashton-video_mov-90_jpg.rf.3f9e7d0742531be201ff2870b98be2c1.jpg,1280,720,face,587,26,766,295
0009S6815V3PEU1N-C123-F4_jpg.rf.420f9ffda6f7b8a7fc0793278f27300c.jpg,915,660,face,596,43,776,271
0009S6815V3PEU1N-C123-F4_jpg.rf.420f9ffda6f7b8a7fc0793278f27300c.jpg,915,660,face,133,66,305,285
0009S6815V3PEU1N-C123-F4_jpg.rf.420f9ffda6f7b8a7fc0793278f27300c.jpg,915,660,face,1,141,121,383
0009S6815V3PEU1N-C123-F4_jpg.rf.420f9ffda6f7b8a7fc0793278f27300c.jpg,915,660,face,306,200,500,413
0009S6815V3PEU1N-C123-F4_jpg.rf.420f9ffda6f7b8a7fc0793278f27300c.jpg,915,660,face,566,55,612,122
Mask-detector1_mov-17_jpg.rf.d163caf2b74288bdd28d431743cbfa36.jpg,720,1280,face,147,516,496,978
IMG_4921-2_mp4-43_jpg.rf.9abee28edf371d79635a4a6e61ed3676.jpg,1080,1920,face,318,630,858,1136
Movie-on-2-18-25-at-8_25-PM_mov-0126_jpg.rf.e7b4d357b6bca67edfeb0b4930157222.jpg,1620,1080,face,266,562,484,834
Movie-on-2-18-25-at-8_25-PM_mov-0009_jpg.rf.7b6537ccdecc68f80a634e4c5709e6fd.jpg,1620,1080,face,1,145,571,880
1125506397_15801322207531n_jpg.rf.b1e13de7ad1c3471231ba6de7eb9a71e.jpg,899,599,face,692,141,754,219
1125506397_15801322207531n_jpg.rf.b1e13de7ad1c3471231ba6de7eb9a71e.jpg,899,599,face,435,148,494,229
1125506397_15801322207531n_jpg.rf.b1e13de7ad1c3471231ba6de7eb9a71e.jpg,899,599,face,227,100,288,180
no-mask_mov-20_jpg.rf.8e937f02edbc80d2a51519d06505c149.jpg,1080,720,face,350,70,630,363
IMG_4921-2_mp4-86_jpg.rf.f5ec0148fa363b062cec30f048ba83c5.jpg,1080,1920,face,318,575,719,1142
Mask-detector1_mov-33_jpg.rf.51e1599d5fd5f7d4f5ea970bfbd398db.jpg,720,1280,face,184,538,490,947
gravitate-faces_mp4-55_jpg.rf.d48441fa71e0e25b95dc6e1d62e0f4f3.jpg,640,480,face,445,167,522,273
gravitate-faces_mp4-55_jpg.rf.d48441fa71e0e25b95dc6e1d62e0f4f3.jpg,640,480,face,183,284,309,458
gravitate-faces_mp4-96_jpg.rf.221f28e2c65a3cc496cf5bf9991a7751.jpg,640,480,face,153,234,265,316
Mask2_mov-36_jpg.rf.db08b6da23829e3a42394b18e03ec511.jpg,720,1280,face,346,415,706,862
gravitate-faces_mp4-81_jpg.rf.317c633868c613176ca5174f8f299548.jpg,640,480,face,325,138,359,180
Movie-on-2-18-25-at-8_25-PM_mov-0086_jpg.rf.a1912133fd8dcffaa61729f6b00ddeaa.jpg,1620,1080,face,412,365,815,857
PhotoGrid_1580452532909_jpg.rf.2bb5af3cf186baadbe6eaa5b50c0acf6.jpg,1838,960,face,475,145,537,234
PhotoGrid_1580452532909_jpg.rf.2bb5af3cf186baadbe6eaa5b50c0acf6.jpg,1838,960,face,579,183,648,277
PhotoGrid_1580452532909_jpg.rf.2bb5af3cf186baadbe6eaa5b50c0acf6.jpg,1838,960,face,1003,203,1079,295
PhotoGrid_1580452532909_jpg.rf.2bb5af3cf186baadbe6eaa5b50c0acf6.jpg,1838,960,face,772,210,849,300
PhotoGrid_1580452532909_jpg.rf.2bb5af3cf186baadbe6eaa5b50c0acf6.jpg,1838,960,face,9,206,96,307
PhotoGrid_1580452532909_jpg.rf.2bb5af3cf186baadbe6eaa5b50c0acf6.jpg,1838,960,face,385,226,462,322
PhotoGrid_1580452532909_jpg.rf.2bb5af3cf186baadbe6eaa5b50c0acf6.jpg,1838,960,face,211,231,295,321
PhotoGrid_1580452532909_jpg.rf.2bb5af3cf186baadbe6eaa5b50c0acf6.jpg,1838,960,face,1700,222,1812,346
PhotoGrid_1580452532909_jpg.rf.2bb5af3cf186baadbe6eaa5b50c0acf6.jpg,1838,960,face,1157,238,1241,331
PhotoGrid_1580452532909_jpg.rf.2bb5af3cf186baadbe6eaa5b50c0acf6.jpg,1838,960,face,1323,240,1408,329
PhotoGrid_1580452532909_jpg.rf.2bb5af3cf186baadbe6eaa5b50c0acf6.jpg,1838,960,face,1492,272,1585,370
mask-no-mask_mov-55_jpg.rf.78983831a5f71ea8a6f6ec623b46d4b7.jpg,1080,720,face,361,118,677,573
gravitate-faces_mp4-104_jpg.rf.364327edc70bd69f17bb3d02d1d702d5.jpg,640,480,face,572,175,622,232
IMG_4921-2_mp4-13_jpg.rf.a704a058907529169b47a81b50d000ac.jpg,1080,1920,face,168,555,622,1161
IMG_4921-2_mp4-21_jpg.rf.a1958d26f828c78900ab86e2d9143f71.jpg,1080,1920,face,378,595,967,1223
Surgical-Mask-Effectiveness_jpg.rf.49bf028a14d34df09c45b7dce423baac.jpg,1000,500,face,467,28,842,469
Surgical-Mask-Effectiveness_jpg.rf.49bf028a14d34df09c45b7dce423baac.jpg,1000,500,face,139,51,501,450
Movie-on-2-18-25-at-8_25-PM_mov-0029_jpg.rf.8f8076beffb9deaf8952a693b66bae32.jpg,1620,1080,face,1328,546,1618,880
IMG_4935-HEIC_jpg.rf.f2fc14dce61430b98dbcc8f336a4bdf0.jpg,3024,4032,face,591,1908,1268,2697
no-mask_mov-7_jpg.rf.32b8cbb2efe77409c3122f0c23f4db52.jpg,1080,720,face,314,140,619,510
thumbnail-ba5c72edb320b49a69e86b05775c49b2-scaled-1_jpeg_jpg.rf.041022d647070263000defb3b650d300.jpg,1025,683,face,529,68,593,150
thumbnail-ba5c72edb320b49a69e86b05775c49b2-scaled-1_jpeg_jpg.rf.041022d647070263000defb3b650d300.jpg,1025,683,face,665,57,768,166
thumbnail-ba5c72edb320b49a69e86b05775c49b2-scaled-1_jpeg_jpg.rf.041022d647070263000defb3b650d300.jpg,1025,683,face,140,93,190,152
thumbnail-ba5c72edb320b49a69e86b05775c49b2-scaled-1_jpeg_jpg.rf.041022d647070263000defb3b650d300.jpg,1025,683,face,42,104,93,161
thumbnail-ba5c72edb320b49a69e86b05775c49b2-scaled-1_jpeg_jpg.rf.041022d647070263000defb3b650d300.jpg,1025,683,face,598,132,621,162
thumbnail-ba5c72edb320b49a69e86b05775c49b2-scaled-1_jpeg_jpg.rf.041022d647070263000defb3b650d300.jpg,1025,683,face,270,123,322,181
thumbnail-ba5c72edb320b49a69e86b05775c49b2-scaled-1_jpeg_jpg.rf.041022d647070263000defb3b650d300.jpg,1025,683,face,623,126,664,178
thumbnail-ba5c72edb320b49a69e86b05775c49b2-scaled-1_jpeg_jpg.rf.041022d647070263000defb3b650d300.jpg,1025,683,face,212,155,240,183
thumbnail-ba5c72edb320b49a69e86b05775c49b2-scaled-1_jpeg_jpg.rf.041022d647070263000defb3b650d300.jpg,1025,683,face,943,41,1006,121
thumbnail-ba5c72edb320b49a69e86b05775c49b2-scaled-1_jpeg_jpg.rf.041022d647070263000defb3b650d300.jpg,1025,683,face,417,54,472,129
mask-no-mask_mov-31_jpg.rf.789df24e9275d9ede5f03c0eab50e920.jpg,1080,720,face,408,238,689,586
gravitate-faces_mp4-131_jpg.rf.22c454a5ff2d13ac27775ba6dff93537.jpg,640,480,face,560,62,640,238
Movie-on-2-18-25-at-8_25-PM_mov-0017_jpg.rf.bf80f7f71189d8e5c6c16540c5786d19.jpg,1620,1080,face,480,411,827,852
Movie-on-2-18-25-at-8_25-PM_mov-0027_jpg.rf.8e543f714a94e600f8bd71e38ebbc2eb.jpg,1620,1080,face,1298,542,1582,876
mask-no-mask_mov-73_jpg.rf.0189763053da7b1f1bc898b35863c1cf.jpg,1080,720,face,521,148,798,484
w1240-p16x9-2019-10-04t075956z_1862636027_rc15d4d49d00_rtrmadp_3_hongkong-protests_jpg.rf.6606baef72693c92ecb7f63513b88e08.jpg,1240,698,face,1013,78,1062,140
w1240-p16x9-2019-10-04t075956z_1862636027_rc15d4d49d00_rtrmadp_3_hongkong-protests_jpg.rf.6606baef72693c92ecb7f63513b88e08.jpg,1240,698,face,736,70,822,155
w1240-p16x9-2019-10-04t075956z_1862636027_rc15d4d49d00_rtrmadp_3_hongkong-protests_jpg.rf.6606baef72693c92ecb7f63513b88e08.jpg,1240,698,face,110,110,169,180
w1240-p16x9-2019-10-04t075956z_1862636027_rc15d4d49d00_rtrmadp_3_hongkong-protests_jpg.rf.6606baef72693c92ecb7f63513b88e08.jpg,1240,698,face,822,123,867,170
w1240-p16x9-2019-10-04t075956z_1862636027_rc15d4d49d00_rtrmadp_3_hongkong-protests_jpg.rf.6606baef72693c92ecb7f63513b88e08.jpg,1240,698,face,1141,90,1232,209
w1240-p16x9-2019-10-04t075956z_1862636027_rc15d4d49d00_rtrmadp_3_hongkong-protests_jpg.rf.6606baef72693c92ecb7f63513b88e08.jpg,1240,698,face,654,127,697,176
w1240-p16x9-2019-10-04t075956z_1862636027_rc15d4d49d00_rtrmadp_3_hongkong-protests_jpg.rf.6606baef72693c92ecb7f63513b88e08.jpg,1240,698,face,0,126,44,213
w1240-p16x9-2019-10-04t075956z_1862636027_rc15d4d49d00_rtrmadp_3_hongkong-protests_jpg.rf.6606baef72693c92ecb7f63513b88e08.jpg,1240,698,face,539,158,599,226
w1240-p16x9-2019-10-04t075956z_1862636027_rc15d4d49d00_rtrmadp_3_hongkong-protests_jpg.rf.6606baef72693c92ecb7f63513b88e08.jpg,1240,698,face,874,158,987,280
w1240-p16x9-2019-10-04t075956z_1862636027_rc15d4d49d00_rtrmadp_3_hongkong-protests_jpg.rf.6606baef72693c92ecb7f63513b88e08.jpg,1240,698,face,489,193,540,279
w1240-p16x9-2019-10-04t075956z_1862636027_rc15d4d49d00_rtrmadp_3_hongkong-protests_jpg.rf.6606baef72693c92ecb7f63513b88e08.jpg,1240,698,face,186,178,279,299
w1240-p16x9-2019-10-04t075956z_1862636027_rc15d4d49d00_rtrmadp_3_hongkong-protests_jpg.rf.6606baef72693c92ecb7f63513b88e08.jpg,1240,698,face,296,157,535,423
w1240-p16x9-2019-10-04t075956z_1862636027_rc15d4d49d00_rtrmadp_3_hongkong-protests_jpg.rf.6606baef72693c92ecb7f63513b88e08.jpg,1240,698,face,86,224,233,389
w1240-p16x9-2019-10-04t075956z_1862636027_rc15d4d49d00_rtrmadp_3_hongkong-protests_jpg.rf.6606baef72693c92ecb7f63513b88e08.jpg,1240,698,face,677,222,829,394
w1240-p16x9-2019-10-04t075956z_1862636027_rc15d4d49d00_rtrmadp_3_hongkong-protests_jpg.rf.6606baef72693c92ecb7f63513b88e08.jpg,1240,698,face,925,27,965,66
w1240-p16x9-2019-10-04t075956z_1862636027_rc15d4d49d00_rtrmadp_3_hongkong-protests_jpg.rf.6606baef72693c92ecb7f63513b88e08.jpg,1240,698,face,604,38,648,86
w1240-p16x9-2019-10-04t075956z_1862636027_rc15d4d49d00_rtrmadp_3_hongkong-protests_jpg.rf.6606baef72693c92ecb7f63513b88e08.jpg,1240,698,face,911,66,954,115
w1240-p16x9-2019-10-04t075956z_1862636027_rc15d4d49d00_rtrmadp_3_hongkong-protests_jpg.rf.6606baef72693c92ecb7f63513b88e08.jpg,1240,698,face,190,48,275,141
w1240-p16x9-2019-10-04t075956z_1862636027_rc15d4d49d00_rtrmadp_3_hongkong-protests_jpg.rf.6606baef72693c92ecb7f63513b88e08.jpg,1240,698,face,311,62,400,128
Mask-detector1_mov-25_jpg.rf.7ba4858fea807f3be7b8522dda05e925.jpg,720,1280,face,137,823,566,1165
r1400018548960op29s_jpg.rf.cc27a78a823458cfd335808ae914abec.jpg,640,959,face,144,63,393,314
IMG_4921-2_mp4-0_jpg.rf.f35eae45d0eafee483d57a5058a5b083.jpg,1080,1920,face,263,455,763,1206
IMG_4921-2_mp4-100_jpg.rf.29a05ef17d8e4472925697394180b32f.jpg,1080,1920,face,131,765,571,1284
PXL_20210930_151856761_jpg.rf.bc12c8612cd6a26faae3fbf7013bbabd.jpg,4032,3024,face,1703,666,2381,1664
0064_png.rf.6640a4b7d561777b565290b2cf72e508.jpg,1280,720,face,251,480,412,686
0064_png.rf.6640a4b7d561777b565290b2cf72e508.jpg,1280,720,face,1106,355,1130,418
0064_png.rf.6640a4b7d561777b565290b2cf72e508.jpg,1280,720,face,618,265,704,378
0064_png.rf.6640a4b7d561777b565290b2cf72e508.jpg,1280,720,face,976,319,1038,409
0064_png.rf.6640a4b7d561777b565290b2cf72e508.jpg,1280,720,face,240,383,276,435
0064_png.rf.6640a4b7d561777b565290b2cf72e508.jpg,1280,720,face,577,336,607,385
0064_png.rf.6640a4b7d561777b565290b2cf72e508.jpg,1280,720,face,1073,370,1103,403
0064_png.rf.6640a4b7d561777b565290b2cf72e508.jpg,1280,720,face,954,345,976,379
0064_png.rf.6640a4b7d561777b565290b2cf72e508.jpg,1280,720,face,494,377,526,481
IMG_4921-2_mp4-45_jpg.rf.a4f62d815b9ac9549497dabecf2cea76.jpg,1080,1920,face,318,720,857,1278
W37H3GWNO5EV5HTJQNP4KLIRGI_jpg.rf.9cbab52c20fa54bca5745aa2df5b85a2.jpg,1000,750,face,539,145,650,296
IMG_4921-2_mp4-70_jpg.rf.f2bcb124e35200b3fe3a8cde1b5cf753.jpg,1080,1920,face,378,593,805,1037
IMG_4921-2_mp4-94_jpg.rf.9b5ddff004846c30cc7b1558d53ee3ab.jpg,1080,1920,face,269,80,1039,1144
mask-wearing-1632933663065_png_jpg.rf.7596862eb0d39ff976c67eaa25a1fcd3.jpg,640,480,face,450,191,463,210
mask-wearing-1632933663065_png_jpg.rf.7596862eb0d39ff976c67eaa25a1fcd3.jpg,640,480,face,406,196,418,210
mask-wearing-1632933663065_png_jpg.rf.7596862eb0d39ff976c67eaa25a1fcd3.jpg,640,480,face,274,209,290,227
mask-wearing-1632933663065_png_jpg.rf.7596862eb0d39ff976c67eaa25a1fcd3.jpg,640,480,face,373,212,385,225
mask-wearing-1632933663065_png_jpg.rf.7596862eb0d39ff976c67eaa25a1fcd3.jpg,640,480,face,337,211,353,234
mask-wearing-1632933663065_png_jpg.rf.7596862eb0d39ff976c67eaa25a1fcd3.jpg,640,480,face,456,228,480,261
mask-wearing-1632933663065_png_jpg.rf.7596862eb0d39ff976c67eaa25a1fcd3.jpg,640,480,face,492,242,529,280
mask-wearing-1632933663065_png_jpg.rf.7596862eb0d39ff976c67eaa25a1fcd3.jpg,640,480,face,88,174,263,446
mask-wearing-1632933663065_png_jpg.rf.7596862eb0d39ff976c67eaa25a1fcd3.jpg,640,480,face,514,272,568,348
gravitate-faces_mp4-121_jpg.rf.4d9ef423dc356deaeed1a5ae4d254d25.jpg,640,480,face,163,82,248,189
IMG_4921-2_mp4-56_jpg.rf.e9499e7de134b7566fc7402f0536fb3b.jpg,1080,1920,face,348,643,761,1102
Mohamed-Image-from-iOS_MOV-21_jpg.rf.410feeed72f31eae501e5eebdcebb174.jpg,540,960,face,212,303,405,586
